words,kind
Mark Twain,person
Samuel Langhorne Clemens,person
Tom,person
Tom Decides,person
Joe Explains X,person
Tom Shows,person
Tom ReconnoitersLearns,person
AmusementsTom Reveals,person
Tom Tells,person
Under FireThe Story Circulated,person
Tom Compare Notes,person
Sawyer Tom,person
Mary Tom Contemplating Dampened Ardor Youth Boyhood,person
Huckleberry Finn Mother Hopkins Result,person
Tom Meditates Robin Hood,person
Robin Hood Midnight Toms Mode,person
Peter Aunt Polly,person
Joe Harper,person
Tom Saw Tom Swims,person
Tom Looking,person
Lawrence Tom,person
Polly Tom,person
Tom Astonishes,person
Tom Declaims Examination Evening On Exhibition,person
Tom Swears,person
Tom Dreams,person
Jake Buck,person
Tom and Becky,person
Tom and,person
Tom Backs,person
Huck Finn,person
Tom Sawyer,person
No Tom,person
Polly,person
Jim,person
Camp,location
Church,location
Woods,location
River,location
Aunt Polly,person
Sidney,person
St Petersburg,location
White,person
Mars Tom,person
Tom Is,person
Ben Rogers,person
Ben,person
Aunt Pollys,person
Aunt Pollywell,person
Billy Fisher,person
Johnny Miller,person
Buffalo,location
Mont Blanc,location
England,location
Jeff Thatcher,person
Amy Lawrence,person
Mary,person
Sid,location
Billy,person
Thatcher,person
Amy Lawrences,person
Jeff,person
Thomas,person
Thomasdont,person
David And Goliah,person
Mrs Ward,person
Willie Mufferson,person
America,location
United States,location
Tom Tom,person
Huckleberry Finn,person
Cure,person
Bob Tanner,person
Johnny Baker,person
Johnny,person
Jim Hollis,person
Hoss Williams,person
Thomas Sawyer,person
Cardiff Hill,person
Joe,person
Becky Thatcher,person
Tom gave,person
Becky,person
Jimmy Hodges,person
Robin Hood,person
Guy,person
Cardiff Hill,location
Sherwood Forest,location
Huckleberry,person
Finn,person
SoandSo,person
Mister Williams,person
Lord,person
Doctor Robinson,person
Potter,person
Muff Potter,person
Gracie Miller,person
Peter,person
Painkiller,location
Joe Harperhardeyed,person
Mississippi River,location
Bill Turner,person
Joe Harpers,person
Harper,person
Mrs Harper,person
Illinois,location
Theyve,person
Missouri,location
Huck,person
Saturday,location
Mary Austin,person
Peters,person
Grace Miller,person
Sally Rogers,person
Susy Harper,person
Amy,person
Alfred Templeand,person
Saint Louis,person
Alfred,person
Mr Thomas Sawyer,person
Alfred Temple,person
Toms,person
Jacksons Island,location
Rogers,person
Lawrence,person
Miller,person
Examination,location
Daniel Webster,person
Culture,location
Alabama,location
Mr Benton,person
St Louis,location
Hucksometimes,location
Europe,location
Robin Hoodits,person
Tom urgedHuck,person
Ive,person
Texas,location
Jake,person
Hucks,location
George,person
Thatchers,person
Mrs Thatcher,person
Byandby,person
Instantly Tom,person
Tin,person
Mississippi,location
Toms,location
Rome,location
Tom Sawyers Gangit,person
Lexington,location
Mr Jones,person
Tom Did,person
Tom Sawyers Gang,person
By Mark Twain Complete,person
Tom Sawyers,person
ThatcherHuck,person
Hank BunkerIn,person
GrangerfordAristocracyFeudsThe,person
Jane Decides,person
Mary JaneMumpsThe,person
Tom Sawyer WoundedThe,person
Jim Tom Sawyer,person
Jim Listening,person
Grace Getting,person
Cave,person
Hank Bunker,person
Bill,person
Grangerford Harney Shepherdson Miss Charlotte,person
Fellow,person
Brother,person
Wrote,person
Hannah,person
Archibald Nichols,person
Silas,person
Sally,person
Jim Tom,person
Mr Mark Twain,person
ArkansawInterior,location
Camp Fire,location
Charlotte,location
Boston Harbor,location
Moses,person
New Orleans,location
Jo Harper,person
Tommy Barnes,person
Providence,location
Don Quixote,person
Jack Robinson,person
China,location
Jericho,location
Cain,location
Pap,person
Bessie Thatcher,person
Ole Jim,person
Bob,person
Abner Moore,person
Sarah Mary Williams,person
Abner,person
Moore,person
George Elexander,person
Sarah Mary Williams George Elexander Peters,person
Island,location
Goshen,location
Christopher Clumbus,person
Jim Turner,person
Jim Hornback,person
Dick,person
Harry,person
Walter Scott,person
Hooker,person
Booth,person
Miss Hooker,person
Bill Whippleand,person
Solomon,person
Sollermun,person
Jackson,location
France,location
Cairo,location
io River,location
Mary Ann,person
John,person
Mr Parker,person
Bob and Tom,person
George Jackson,person
Betsy,person
Saul,person
Buck,person
Mort,person
Henry Clay,person
Stephen Dowling,person
Stephen,person
Stephen Dowling Bots,person
Emmeline,person
Grangerford,person
Philadelphia,location
Highland Marys,location
Prague,location
Tom nexttall,person
Bud,person
Baldy Shepherdson,person
Sophia,person
Panama,location
Pas,location
Jack,person
Mars Jawge,location
Mars Saul,location
Grace,person
Bridgewater,location
King of France,location
Uncle,person
Drury Lane,person
Fallen Grandeur,person
Richard,person
Juliet,person
Pike County,location
Paris,location
London,location
Cape,location
David Garrick,person
Drury Lane Theatre,person
Edmund Kean,person
Pudding Lane,person
Hank,person
Andy,person
Ask Bill,person
Ben Thompson,person
Richmond,location
Boggs,person
Sherburn,person
Buck Harkness,person
Edmund Kean the Elder,person
Charles Second,person
Louis Fourteen,person
Louis Fifteen,person
James Second,person
Edward Second,person
Richard Third,person
Henry,person
William,person
Harvey and William,person
Mary Jane,person
Harvey,person
Jane,person
Susan,person
Ben Rucker,person
Abner Shackleford,person
Levi Bell,person
Dr Robinson,person
Peter Wilks,person
Cincinnati,location
St Louis one,location
Bilgewater,person
Wilks,person
Mr Ben Rucker,person
Louisville,location
Robinson,person
Harvey Wilks,person
Mary Jane Wilks,person
William Fourth,person
Sheffield,location
Memphis,location
Orleans,location
Peter Wilksand,person
Susan Powell,person
Tim Collins,person
Levi,person
Bell The,person
Ab Turner,person
King Lear,person
Abram FosterAbram,person
Lafayette,location
Dear,person
Aunt Sally,person
Baton Rouge,location
White River,location
Jimmy,person
Nichols,person
William Thompsonand,person
Hicksville,location
Burton,person
Cur,person
Misto Tom,person
Henri,person
Tom Sawyerif,person
Mars,location
Jane Grey,person
Louis,person
Thomas Franklin Benjamin Jefferson Elexander Phelps,person
Cain,person
Mars Tom,location
Bang,person
Sister Phelps,person
Sister Hotchkiss,person
Sister Utterback,person
Sister Ridgeway,person
Sid,person
Toms Aunt Polly,person
Tom Sawyershe,person
Aunt,person
Samuel L Clemens,person
Bors de Ganis,person
Galahad,person
Arthur,person
Sagramor,person
Thomas Malory,person
Launcelot,person
Kay,person
Knight,person
Lake,location
King Arthur,location
Hartford,location
Friend,person
Clarence,person
Connecticut,location
Arthur King,person
Pellinore,person
Sir,location
Queen Guenever,location
Arkansas,location
Dinadan,person
Jones,person
Walter,person
Smith,person
Egypt,location
India,location
Columbus,location
Latin,location
Raphael,person
Kingdom,location
East Hartford,location
Britain,location
Joseph,person
Charles,person
Camelot,location
Brian de,person
Tor,person
Grummore Grummorsum,person
Carados,person
Turquine,person
Percivale de Galis,person
Lamorak,person
Arnold,person
Gauter,person
Pertolope,person
Lionel,person
Gareth,person
Bleobaris,person
Gore,person
Meliganus,person
Garry,person
Artemus Ward,person
Ireland,location
King of Ireland,location
Scotland,location
Sir Sagramor,person
Scott,person
castle,person
Moder,location
Sandy,person
Jack Cade,person
Gawaine,person
Uwaine,person
Sandy,location
Tom Sayers,person
Marhaus,person
Alisande,person
Maledisant,person
Palestine,location
Brer Uriens,person
King,person
Prince Uwaine,location
Hugo,person
Breuse Sance Pite,person
South Marches,location
Montaine,person
Madok,person
Ossaise,person
Angela Bohun,person
Adam,person
Cuckoo Kingdom,location
Cure Hardy,person
Ozana,person
Boss,person
Bors de,person
John W Merlin,person
Great Sahara,location
Africa,location
West Pointer,location
Dissenters,location
Pertipole,person
West Point,location
Sagramour,person
British Islands,location
Liver Lane,person
Barker,person
un3ertakers,location
Pray,person
Wait,person
Christian,person
Watt,person
Dowley,person
Marco,person
Grip,person
Cambenet,location
King of,location
Earl Grip,person
Devil,location
King of England,location
Hank Mor,person
Merlin,person
Serene,location
dou3hnuts,location
Upper Mississippi,location
Lamorak de Galis,person
West Hartford,location
Mordred,person
Carlisle,location
Guenever,location
Belias,person
Segwarides,person
Griflet,person
Brandiles,person
Aglovale,person
Gillimer,person
Damus,person
Priamus,person
Lambegus,person
Herminde,person
Pertilope,person
Perimones,person
Guenever,person
Kent,person
Lucan de Butlere,person
Bedivere,person
Lucan,person
Orgulous,location
Salisbury,location
Mar,person
Meliagraunce,person
Nat Parsons,person
Parsons,person
Nat,person
Washington,location
Capitol,location
Lance Williams,person
Bill Thompson,person
Richard Cur de Loon,person
Don,person
Hank Wilson,person
Indiana,location
Pennsylvania,location
New York,location
Tom Sawyeralways,person
Great Desert,location
Sam Hill,person
Mexico,location
Anna Nias,person
Maine,location
Florida,location
Pacific,location
Atlantic,location
Denmark,location
Germany,location
Russia,location
Rhode Island,location
Adaline Robinson,person
Jacob McDougal,person
Harryet McDougal,person
Jeremiah Butler,person
Bushrod Butler,person
Jerry,person
Sahara,location
Desert,location
Julus Cesar,person
Mars,person
Central Africa,location
Mount Sinai,location
Israel,location
Silaswhy,person
Arkansaw,location
Louisiana,location
Tom Sawyera,person
Phillips,person
Benny,person
Lower Mississippi,location
Iowa,location
Bud Dixon,person
Hal Clayton,person
Hal,person
Tom,location
Bill Withers,person
Jim Lane,person
Brace Dunlap,person
Dummy,person
Tom Sawyerthat,person
Jeff Hooker,person
Tom Sawyeranswer,person
Revenge,person
Jack Withers,person
Lem,person
Beebe,person
Sam Cooper,person
Bruce Dunlap,person
Jubiter Dunlap,person
Mark Twain A,person
Wilson,person
William Hicks,person
Beatrice,person
Rachel Pratt,person
Pembroke Howard,person
David Wilson,person
Florence,location
Piazza,location
Settignano,location
Venice,location
Tennessee,location
Red River,location
Essex,location
Cooper,person
Nancy,person
Misto Wilson,person
Jasper,location
David,person
Tommy,person
Marse Tom,person
Chambers,person
Tom Driscoll,person
Driscoll,person
Roxy,person
Thrill Dawson,person
Mrs Pratt,person
Toms Eastern,person
Dave Wilson,person
Rowena,person
Sister Cooperhandshake,person
Mr Higgins,person
Italy,location
Berlin,location
Japan,location
Luigi,location
Tom Tramples His,person
Marse,person
Marse Toms,person
Marse Tomoh,person
Tom Practices Sycophancy Why,person
Calendar Tom,person
Marster,person
Odd Fellers en Churches,location
Patsy Cooper,person
Dave,person
Count Luigi,person
Luigi,person
John Buckstone,person
BuckstoneTom Driscoll,person
Nelson,person
Putnam,location
Howard,person
Mr Howard,person
Tom Stares,person
Virginia,location
Old Virginia,location
Mary Pratt,person
Jim Blake,person
Blake,person
Tonight,person
Ole Capn John Smith,person
Pem Howard,person
Aunt Pratt,person
Indian,location
Roxy,location
Lord God,person
Jim Bangs,person
Billy Hatch,person
Sally Jackson,person
Thomas Driscoll,person
Cincinnati en Orleans,location
Fourth,location
Calendar Dawson,person
Landing,person
Hackett,location
Stevens,person
Constable Blake,person
Aunt Patsy Cooper,person
Pratt,person
Mr Rogers,person
Mr Buckstone,person
Calendar Wilson,person
Count Angelo,person
Burst,person
Mason,location
Betsy Hale,person
Aunt Patsy,person
Hale,person
Edward,person
Edward Tudor,person
Tom Canty,person
King,location
Prince of,location
John Canty,person
Andrew,person
Anne Askew,person
Smithfield,location
Temple Bar,location
Nan,person
Edward Prince,person
Tom o Bedlam,person
Norfolk,location
O my King,person
Earl Marshal,person
Lord Hertford,person
Earl,person
Lord St,person
Elizabeth,person
William Herbert,person
Mary Magdalene,person
Butler,person
Cook,person
Berkeley,location
Lord Chancellor,person
Chancellor,person
Lord Edward,person
Norfolks,location
Tom Cantys,person
Thy,person
William Herbert Hie,person
Miles Hendon,person
Don Caesar,person
Miles Hendons,person
Miles,person
Richard Hendon,person
Hugh,person
Edith,person
De Courcy,person
Windsor Forest,location
Canterbury,location
William Lord St,person
Lord Russell,person
Edward Earl,person
John Viscount Lisle,person
Cuthbert Bishop,person
Sir Thomas Seymour,person
Humphrey Marlow,person
Humphrey,person
Lord Protector,person
Islington,location
Kings,location
HobbsJohn Hobbs,person
Cantyor Hobbs,person
Ken,person
Hobbs,person
Burns,person
Margeryhe,person
Westminster,location
John Cantywith,person
Isaac,person
Jacob,location
Hugh Hendon,person
Halsey,person
Miless,person
Blake Andrews,person
Andrews,person
Richards,person
Windsor,location
Sir Humphrey,person
Lord Protector Somerset,person
Parliament,location
Jane Seymour,person
York,location
Westminster Abbey,location
Canty,person
Thou,person
James,person
Queen Mary,location
James,location
Commonwealth,location
Mark Twains,person
James I,person
Taylor,person
Henry r,person
William Prynne,person
Edward s,person
Joshua Barnes,person
Samuel Richardson,person
Thomas Mitchell,person
Thomas Barnes,person
Charles Lamb,person
Hamburg,location
Huntingdon,location
New Haven,location
God,location
Westminster Hall,location
Queen Victoria,location
Camden,location
This Village Story,person
Ward No,person
Molly Chapter,person
Chapter,person
Saint Lucy Chapter,person
Merry,person
Jill,person
Frank Minot,person
Molly Loo And,person
Ed Devlin,person
Molly Loo,person
Joe Flint,person
Merry Grant,person
Frank,person
Sue,person
Laura,person
Mission,location
Molly,person
Gus,person
Mr Grant,person
Raleigh,location
Mammy,person
Mrs Minot,person
Ward,person
Napoleon,person
Montreal,location
Tommy Traddles,person
Hopkins,person
JillIt,person
JackyI,person
Jill Jack,person
Fulton,location
Asia,location
Jack Minot,person
Daddy,person
Madam,person
Joseph P Flint,person
Mamma,person
Mrs Pecq,person
Canada,location
Anna Minot,person
Ralph Evans,person
Ralph,person
Harmony Village,location
Merry Christmas,person
Doctor,person
Christmas,person
Jack Horner,person
Santa Claus,location
Old England,location
Merrys,person
Love,person
Love,location
Franklin,person
Sandwich Islands,location
Turkey,location
Australia,location
Spain,location
Mercury,location
Romans,location
LizzieJack,person
Molly Now,person
Farmer Grant,person
Mrs Grant,person
Maria Louisa,person
Napoleon Bonaparte,person
Bat,person
Bay,location
Naples,location
Silver Mine,person
Turner,person
Maria Louisa Bemis,person
Jackson,person
Boo,location
Mrs Burton,person
Harmony Village,person
Bob Walker,person
Tom Grant,person
Martin Chuzzlewit,person
Jean,person
Jefferson Brick,location
Emma,person
Annette,person
Jilly,person
Princess Jill,person
Princess,person
Conductor Minot,person
Johnny Cooper,person
Noble,person
Mr Burton,person
Lafayette,person
Alps,location
Delaware,location
Cole,person
Simon,person
Bobby Shafto,person
Muffet,person
Trenton,location
Queen,location
Jack Has,person
Boston,location
Harry Grant,person
Mr Acton,person
Shannon,person
Robert Walker,person
Sir,person
Jerry Shannon,person
Jane Pecq,person
Hill,location
Hill District,location
Saint Lucy Saturday,person
Saint Lucy,person
Lucy,person
Patience,person
Dawes,person
David German,person
Maria,person
Merry,location
Ragbag,person
Mortification,person
Boo,person
Mr Bemis,person
Grant,person
Baskets,location
Gus,location
Grif,person
Mrs Tucker,person
Daddy Munson,person
Plymouth,location
Bunny,person
Fred,person
Anne,person
Bethlehem,location
Pebbly,location
Mr Jack,person
Mr Frank,person
Ben Cox,person
Bacon,person
Mrs Hammond,person
Norman,person
Harry Hammond,person
Victoria,location
Pebbly Beach,location
Will Molly,person
Katherine Parr,person
Queens,location
Michael Angelo,person
Toms Success An Oldfashioned Girl,person
Ned Miller,person
Polly Milton,person
Dress,location
Fanny,person
Willy Bliss,person
Polly,location
Fanny,location
Shaw,person
Guy Livingston,person
Monsieur,person
Trix,person
Frank Moore,person
Mrs Shaw,person
Messrs Frank,person
Belle,location
Sydney,location
Tom Shaw,person
Mr Thomas,person
Massachusetts,location
Paris,person
Maudie,location
Mr Shaw,person
Blanche,person
Marie,person
Clara,person
Lake Regillus,location
Pat,person
Fan,person
Ann,person
Maud,person
Aunt Dolly,person
Aunt Betsey,person
Cotton,person
Sally Pomroy,person
Hannah More,person
Mr John,person
Sacred Dramas,location
Mrs Smith,person
Tip,person
Mike Mahoney,person
Saint Patrick,person
Mike,person
Hancock,person
Captain Scott,person
Madam Storer,person
Madam Williams,person
Joe Joy,person
Anne Boleyn,person
Lord Surrey,person
Lord Leicester,person
Lord Rockingham,person
Thomas Jr,person
Spider,location
Milton,person
Sherry,location
Miss Shaw,person
Alice Lovett,person
Alice,person
Miss,person
Lovett,person
Mills,person
Mr Brown,person
Mrs Dodd,person
Banks,person
Miss Mills,person
Nick,person
Puttel,person
Tom No Tom,person
Mary Floyd,person
Mrs Finn,person
Jenny,person
Midget,location
Miss Perkins,person
Perkins,person
Joe Somebody,person
Belle,person
Emma Davenport,person
Trix,location
Cinderella,person
Mr Sydney,person
Cinderella,location
Sydney,person
Clara Bird,person
Mistress Milton,person
Saint Mehitable,person
Johnny Kean,person
Rebecca Jeffrey,person
Fanny Shaw,person
Rebecca,person
Kate,person
Anna,person
Kate King,person
Bess,person
Arthur Sydney,person
Syd,person
Master Tom,person
Dido,person
Mr Sydney,location
Honestly,person
Tom wished,person
Paulina Pry,person
Maud,location
Rich,person
Mr Shakespeare,person
Philip,person
Kit,person
Parson Miller,person
Philip Sidney,person
California,location
New England,location
Maria Bailey,person
Mary Milton I,person
Bailey,person
Nat Blake,person
Tommy Bangs,person
Aunt Jo,person
Laurie,person
Laurence,person
Daisy,person
Teddy,person
Mrs Bhaer,person
Plumfield,location
Robin,person
Mr Bhaer,person
Rob,person
Demi Brooke,person
Ted,person
Mr Laurence,person
Mrs Jo,person
Franz,person
Demi,person
Dick Brown,person
Dolly Pettingill,person
Jack Ford,person
Dolly,person
George Cole,person
Billy Ward,person
Undaunted,person
Billy,location
Spring,location
Emil,person
Christopher Columbus,person
Pa Bhaer,location
Toby,location
Fritz,person
Demi,location
Grandpa,person
Beth,person
Bhaer,person
Aunty Jo,person
Mrs Brooke,person
Daisy,location
Mary Howitt,person
Bella,person
Salt,location
Dan,person
Stuffy,person
Danny,person
Buttercup,person
Daddy Bhaer,person
Nat,location
Annie Harding,person
Blanche Matilda,person
Nan,location
Annabella,location
Peter Wilkins,person
Greece,location
Tom Brown,person
Shakespeare Smith,person
John Brooke,person
Mr Thomas Bangs,person
Mr Nathaniel Blake,person
Tommy Nan,person
Page,person
Spartan,person
Dr Firth,person
Hyde,location
Dan,location
Mr Laurie,person
Gibbs,person
Athens,location
Robby,person
Silas,location
Hannah Lee,person
Grandpa Laurence,person
Rob and Teddy,person
Bangs,person
Tom Bangs,person
Mrs Bates,person
Ned,person
Mr Roberts,person
Damon,person
Mrs Giddygaddy,person
Doctor Giddygaddy,person
Teddy,location
Charlie,person
Here Tommy,person
Emil,location
Music,person
Aunt Amy,person
John,location
Lord Nelson,person
Crane,person
Lewis White,person
Lewis,person
Miss Crane,person
Oliver Twists,person
James Snow,person
New Hampshire,location
Grandfather,location
Aunt Meg,person
Mr Hyde,person
Plymouth Rock,location
South America,location
Roger Ascham,person
Mr March,person
Prince Rob,location
Prince,location
Charles Dudley Warner,person
Squire Hawkins,person
Daniel,person
PrayeR,person
Sellers,person
Makes Known His Magnificent Speculation Schemes,person
Nazareth,person
Mrs Hawkins,person
Hawkins,person
Ole Drake,person
Ole Higgins,person
East Tennessee,location
Si Hawkins,person
Northern States,location
Eastern States,location
Nancywhole,location
Nancy,location
Kentucky,location
Claythat,person
Clay,person
Mr Hawkins,person
Danl,person
Emily Hawkins,person
Washington Hawkins,location
mars Clay,person
Chile,location
Portugal,location
George Davis,person
Davis,person
Wash Hastings,person
Murderer,location
Wash Hastings,location
Boreas,location
Henry Worley,person
Van Brunt,person
Tennessee Land,person
Emily,person
Laura Van Brunt,person
Gov Henry Clay Hawkins,person
Cuba,location
Atlantic States,location
Clay Hawkinsthat,person
Pete,person
In Hawkins,person
Leghorn,location
Tennessee Land,location
Hawkeye,location
Lord I,person
Jim Terry But Sellers,person
Count Fugier,person
Peru,location
Rio,location
Peking,person
Delhi,person
Washington,person
200000,location
Jerusalem,location
Bangkok,location
Delhi,location
Louise,person
Clay,location
Laura Hawkins,person
Effects,person
Henry BrierlyArrangements,person
Baltimore,location
Byron,person
Marie Antoinette,person
McDowells,person
Broadway,location
Philip Sterling,person
Dr Kane,person
Gringo,person
Henry Brierly,person
Broad Street,location
Ruth Bolton,person
Duff Brown,person
Rodney Schaick,person
Barry,person
Alton,person
Jersey City,location
Erie,location
Portland,location
Chicago,location
Brown,person
Larry,person
Salt Lick,location
Havana,location
Margaret Bolton,person
Ruth,person
Eli Bolton,person
Friend Eli,person
Amboy,location
Chelton Hills,location
Westfield,location
Broad street,location
Germantown,location
Sterling,location
Margaret,person
Mr Bigler,person
Jeff Thompson,person
Thompson,person
Mr Brierly,person
Mr Thompson,person
Magnolia,location
Eastern,location
Star Spangled Banner,location
Columbus River,location
Mr Sterling,person
George Goretook,person
Fort Sumter,location
Boswell,person
Jeff Davis,person
Shelley,person
Selby,person
Hawkeye,person
Harry Brierly Infatuated With Laura,person
Abner Dilwortliy Visits,person
Harry Visit FallkillHarry,person
Bill Reported,person
Comforts His Wife,person
Harry Brierly,person
Beriah Sellers,person
Tennessee Lands,location
Jefferson City,location
Squire Oliver Montague,person
Drink,location
Massachusetts Bay,location
Cambridge,location
Millie,person
Phil,person
Fallkill,location
Quaker,location
Lower California,location
Salt Lick Union,location
Squire Montague,person
Hudson,location
Arizona,location
Dilworthy,person
Pennsylvania Avenue,location
Dil,person
Sam,person
Hannah Shoecraft,person
Bigler,person
Telegraph,location
Ruth,location
James FitzJames,person
Go To,person
Earth,location
Hail Columbia,location
Middle,location
Tennessee LandLaura,location
Colonel,location
Mr Bolton,person
Conductor Slum,person
Shanghai,location
Dr Jackson,person
Logan Square,location
Congressmen,person
Miss Hawkins,person
Paradise,person
Branch,person
Oliver Higgins,person
Bridget,person
Peter Gashly,person
Newport,location
Cape May,location
Higgins,person
Patrick iley,person
Peterson,person
GashlySister,person
Murphy,person
Castle Garden,location
Parry,person
Mrs Higgins,person
Francois,person
Hawkinsit,person
Martin Farquhar Tupper,person
Hot Springs,location
Sellerswho,person
BalloonTells,person
Hicks,person
Newspaper Row,location
Row,location
John Adams,person
Jay,person
Benjamin Franklin,person
George Francis Train,person
Austria,location
Selby Visits Laura,person
Laughed,location
Leavitt,person
McFingal,person
Sutler,person
Santo Domingo,person
Washington Hawkinsher,location
New England City,location
Unionists,person
George Selby,person
Sutlerbut,person
Georgetown,location
Square,location
Beriah,person
Thomas Jefferson,person
Mr Henry Brierly,person
Silas Hawkins,person
Laura,location
Zurich,location
Switzerland,location
Mr Trollop,person
BlankBlank,person
Blank,person
James River,location
Buckstone,person
Wisdom,person
Squire Invests,person
Hong Kong,location
Leffenwell,person
Arlington,location
Havre de Grace,location
Wilmington,location
Jersey,location
Mobile,location
Braham,person
Roberts,person
Mrs Bolton,person
Alice Montague,person
San Francisco,location
Col,location
Philip,location
Ilium,location
Eli,person
George I,person
Mr Dilworthy,person
Mr Braham,person
haunnessy,person
Cattleville,location
Michael Lanigan,person
Patrick Coughlin,person
Ethan Dobb,person
Dennis Lafin,person
Larry oole,person
Avery Hicks,person
Mr McFlinn,person
Mr Simons,person
Susan Cullum,person
Senator,person
Extras,person
Fifth Avenue,location
Avenue,location
Dilworthy,location
Graham,person
Mr Noble,person
Saint,person
Clay Hawkins,person
Melbourne,location
Salt Lake,location
Sellersgo,person
Tim,person
Jefferson,location
Obedstown,location
Chester,location
Spring Garden,location
England Hawkins,person
Lord Berkeley,person
HattieTracy,person
Tracy,person
Lord BerkeleyHe,person
Lord Berkeley Sally,person
Sally SellersThe,person
Parker,person
John T Raymond,person
Cholmondeley Castle,person
Simon Lathers,person
Simon LathersSimon Lathers,person
Simon Lathers Lord Rossmore,person
Duffy,person
Maryland,location
Duffy,location
Mulberry,person
Sellers Earl Rossmore,person
Simon LathersMulberry SellersMulberry SellersSimon Lathers,person
Lord Rossmorewas,person
Andrew Jackson,person
Lord Rossmore,person
Present Earl,person
Far West,location
Strait of Sundasalary,location
United States of America,location
Sherman,person
Longstreet,person
John Milton,person
Siamese,person
Niagara Falls,location
Washington Hawkins,person
Baltimore Sun,location
Dave Hopkins,person
John Calvin,person
AugustaTempletonAshmore Hamilton,person
Sally Sellers Lady Gwendolen,person
Major Hawkins,person
Gwendolenwell,person
Then Hawkins,person
Kirkcudbright Llanover Marjoribanks Sellers Viscount Berkeley,person
Sally Sellers,person
Pete,location
District of Columbia,location
Alley,location
Graham Bell,person
Jinny,person
Dat,person
Howard Tracy,person
Matthew Arnold,person
Mr Arnold,person
Princeton,location
Mr Tracy,person
Maggie Lee,person
Plains,location
Nat Brady,person
Barrow,location
Rocky Mountains,location
Barrow,person
Allen,person
Mr Allen,person
Johnny Bull,person
Hattie,person
Lately I,person
Misto Allen,person
Brady,person
Billy Nash,person
Discrimination,person
Evans,person
Why Hawkins,person
HawkinsGeneral Hawkins,person
Mr Howard Tracy,person
Puss,location
Belle Thompson,person
Admiral Hawkins,person
Suppose,location
Satan,person
Sally Sellersor Sarah,person
Zylobalsamum,person
Dr Snodgrass,person
New Yorkand England,location
Doctor Snodgrass,person
Spinal Meningitis,person
Viscount Berkeley,person
Charles Egbert Craddock,person
Bush,person
Hawkins,location
Arctic,location
Betty,person
Linda,person
Bab,person
Sally Folsom,person
Mrs Moss,person
Ben Brown,person
Barton,person
Clarindy I,person
Ben Brownthe,person
Senor Pedro,person
Senor Jose Montebello,person
Shakespeare,person
Christopher,person
Sam Salvindoor,person
Squire,person
San Salvador,location
Ben,location
Squire Morris,person
Celia,person
Bab and Betty,person
Squire Allen,person
Thorny,person
Thomas Merton Barlow,person
Harry Sanford Barlow,person
Alfred Tennyson Barlow,person
Springfield,location
Barlow,person
F R O M A G,person
Is Ben,person
Sancho,person
Miss Celia,person
Celia,location
Mrs Allen,person
Billy Barton,person
King David,location
Benjamin,person
Father,person
Lita,person
Nice,location
Senor,location
Stripes,person
Sung Bab and Betty,person
Sam Kitteridge,person
Smithers,person
Frost,person
Mas,location
Eben,person
Sanch,person
Joslyn,person
Milan,location
Lita,location
Mrs Paine,person
Mr Paine,person
Mrs Flynn,person
Flynn,person
Farmer Paine,location
Roland,person
Sanch Ben,person
Dr Mann,person
Walter Crane,person
Fatima,person
Betty Moss,person
Belinda,person
Cruelty,location
Sancho,location
Sanch,location
Long River,location
Edgeworth,person
Teacher,person
Moses Towne,person
Bab,location
John Gilpin,person
Van Amburgh,person
Mamie Peters,person
Edward Everett,person
Wendell Phillips,person
Coral Grove,location
Patrick,person
Maria Newcomb,person
Judy,person
Wangery Chan,person
Chan,person
Ki Hi,person
Chingery Chan,person
Abby,location
Sally Folsum,person
Betty,location
Mount St,location
Only Ma,person
Bab and,person
Mary I,person
Mr Towne,person
Mrs Celia,person
Louisa May Alcott,person
Christie Aunt Betseys Interlarded Speech Mrs Stuart,person
Philip Fletcher Mrs Saltonstall,person
Helen Carrol Mrs King,person
Christie,person
Enos,person
Florence Nightingale,location
Joe Butterfield,person
Matty,person
Stone,person
Mrs Stuart,person
Turners,person
Mr Stuart,person
Victoria,person
Hepsey Johnson,person
Turners,location
Mrs Johnson,person
Christie,location
Hepsey,location
Mrs Black,person
Mr Sharp,person
Mr Tripp,person
Tripp,person
Little Babel,person
Amazon,location
Mountains,location
Moon,location
Princess Caremfil,person
Rachel,person
Sun,location
Mamma Black,person
St George,location
Mount Parnassus,location
Devon,person
Mr Fletcher,person
Tudor,person
Eugene,person
Augusta,location
Mrs Saltonstall,person
Miss Walker,person
Helen,person
Mrs Carrol,person
Harrys,location
Bella,location
Hester,person
Augustine,person
Miss Devon,person
Mrs King,person
Ann Lizy,person
Mrs Wilkins,person
Venus,location
Lisha,person
Ann Eliza,person
Chase,person
Wash,location
Ark,location
Mis Bascum,person
Almiry,person
Lindley Murray,person
Thomas Power,person
Cynthy Wilkins,person
Mrs Sterling,person
Saint Augustines,person
Montaigne,person
Browning,person
Schillers,person
Martin Luther,person
Irish,location
Christie Devon,person
Pimlico,location
Fresh,location
Christies,person
Enoss,person
Davids,location
Mr Power,person
Plato,person
Ma Wilkins jog,location
Fletcher,person
Clarissy,person
Lord Bassanio,person
George MacDonald,person
Kitty,person
Letty,location
Christies,location
Samuel Buck,person
James Miller,person
Michael Angelos Fates,person
Kitty,location
Letty,person
Ann Elizy,person
Carter,person
Dr Harvey,person
Porter,person
Mis,person
Aunt Letty,person
David Sterlings,person
Bella Carrol,person
Shirley,person
John Brown,person
Richard Trevlyn,person
Clotilde,person
Count Hugo,person
Lillian,person
My Friend,person
Paul Jex,person
Paul,person
Roger,person
Cosmo Carmela,person
Mrs Hester,person
Lilli,person
Bedford,location
Lillian,location
Maud Churchill,person
Talbot,person
Fred Raleigh,person
Trevlyn,person
Troy,location
Paul,location
Mia,person
Paul Talbot,person
Warwick,location
Shame,location
Ottila,location
Ottila,person
Sylvia,person
Mark,person
Hemming,person
Geoffrey Moor,person
Geoffrey,person
Beck,person
Prue,person
Beethoven,person
Mr Yule,person
Prue,location
Pedalsturm,person
Adam Warwick,person
Warwick,person
Munich,location
Mr Warwick,person
Gabriel,person
Gabriel Andr�,person
Saint John,person
Abel,person
Aunt Patience,person
Cynthia,person
Anderson,person
Yule,person
John Yule,person
Marion,person
Andr�,person
Marion,location
Mark Yule,person
Jane What,person
Jessie,location
Antoinette Roche,person
Ask Geoffrey,person
Clara Deane,person
Mrs Grundy,person
Ariel,location
El Labarinto,location
Tilly,person
Dane,person
Joan,person
Faith,person
Moor,person
Helen Chesterfield,person
Julian Haize,person
Moor,location
Reason,person
Faith,location
GamMr,person
Mr Bliss,person
Mrs Bliss,person
Gamaliel Bliss,person
Sylvia,location
Beppo,person
Brave,location
Eliza Meteyard,person
Faith Gartney,person
Edmund,person
Don Pedro,person
277,location
Tailpiece,location
Meg,location
Crocker,person
Hannah Mullet,person
507,person
518 Jo,person
534,person
O Mr Bhaer,person
151,location
Swinging,location
518 Jo,location
575,person
Meg,person
Amy,location
Mrs March,person
Macbeth,location
Hagar,location
Theodore,person
Vevay,location
There Jo,person
March,person
Maria Parks,person
Ellen,person
Mr Davis,person
Wakefield,location
Here Jo,person
To Jo,person
Miss Jo,person
Mr Brooke,person
Theodore Laurence,person
Doctor Jo,person
Elizabeth March,person
James Laurence,person
Amy March,person
Mary Kingsley,person
Latin,person
Jo March,person
Amy teased Jo,person
Aunt March,person
Mrs Moffat,person
Hannah,location
Annie,person
Sallie,person
Miss Belle,person
Aunt Cockletop,person
Samuel Pickwick Jo,person
Augustus Snodgrass,person
Tracy Tupman,person
Nathaniel Winkle,person
Mr Pickwick,person
Count Antonio,person
Count de Adelon,person
De Vere,person
Ferdinand,person
Mrs Snowball Pat,person
Hannah Brown,person
Babel,location
Kitchen Place,location
Sam Weller,person
Meg March,person
Kate Vaughn,person
Scarlet,person
Fred Vaughn,person
Brooke,person
So Jo,person
Count Gustave,person
Kate,location
Laurie to Jo,person
John Bull,person
Mary Stuart,person
Ellen Tree,person
Tree,person
Mr King,person
O my Jo,person
Josephine March,person
Wont,person
Commanderinchief,person
Lottchen,person
Hummel,person
Beth I,person
Weary,person
Esther,person
Beth,location
Kitty Bryant,person
Laurie told Jo,person
Amy Curtis March,person
Madame,location
Hannah I,person
Peggy,person
O Jo,person
Caroline Percy,person
Johnson,person
Mont,location
Sister Jo,person
Randal,person
Laurie,location
Carrol,person
Sallie Moffat,person
Maria Theresa,person
Eliott,person
Dr Jo,person
Prof Sands,location
Lisbon,location
Martha,person
Mr Scott,person
Jack Scott,person
Seeing Sallie,person
Ned Moffat,person
Presently Jo,person
Twins,person
John Laurence,person
Mrs Lamb,person
Mr Lamb,person
Miss Lamb,person
Lamb,person
May Chester,person
Mr Tudor,person
Tommy Chamberlain,person
If Jo,person
Aunt Carrol,person
Mrs Chester,person
Hayes,person
Teddys Own,person
Kate Kearney,person
Robert Lennox,person
Frank Vaughn,person
Beth Frank,person
Hyde Park,location
Devonshire,location
Camp Laurence,location
Reynolds,person
Hogarth,person
Saint Denis,person
Hampton Court,location
Hampton,location
Richmond Park,location
Bonn,location
Nassau,location
Bonnie Dundee Jo,person
Mrs Kirke,person
Tina,person
Ursa Major,person
Norton,person
Soldier,person
Nick Bottom,person
Mr Dashwood,person
John and Meg,person
Plato,location
Impetuosity,person
Laurieat,person
Jews,person
Victor Emmanuel,person
Castle Hill,location
Diana,person
Baron Rothschild,person
Mrs Scott,person
Will Demi,person
Sallie Moffatt,person
Dolce,person
Monaco,location
Mediterranean,location
Paradise,location
Saint Laurence,person
Love Jo,person
Bach,person
Vienna,location
Mont St,location
Lausanne,location
Berne,location
Madam Mother,person
and Jo,person
Professor Bhaer,person
Aunt Dodo,person
Marsch,person
Minna,person
Bhaer,location
Funny,person
Unlucky Jo,person
Marmee,person
Alice Barber Stephens,person
Amy Illustrated,person
Bob and Betty,person
Bloom,location
Illustrated,location
Marjorie,person
Charles Dickens,person
Samuel Pickwick,person
David Copperfield,person
Friend Series,person
Washington St,location
Mass,location
Silver Pitchers,person
Alec,person
Aunt Plenty,person
Peace,person
Rose,person
Annabel Bliss,person
Phebe Moore,person
Phebe,person
Rose,location
Canton,location
Debby,person
Aunt Clara,person
Mac,person
Steve,person
Debby,location
Jamie,person
Bonnie Dundee,person
Campbell,person
Dr Alec,person
Rose Campbelland,person
Maca,person
Jem,person
Aunt Jane,person
Mrs Jane,person
Aunt Myra,person
Aunt Jessie,person
Mrs Jessie,person
Jane Campbell,person
Caroline,person
Luly Miller,person
Seeing Phebe,person
Paul Pry,person
Archie,person
Paradise Lost,person
Power,person
Scented Caper,person
Tables,person
Woosung River,location
Town,location
Jessie,person
Archie,location
Phebe,location
Miss Rose,person
Mother Atkinson,person
Lieutenant,person
Jack Dove,person
Drummer Frank,person
Fred Dove,person
Captain Dove,person
Willie Snow,person
Willie,person
Mount Windytop,location
Mr Atkinson,person
Mrs Atkinson,person
Rosy,person
Moscow,location
Waterloo,location
Pokey,person
Miss Bliss,person
Bliss,person
That Bliss,person
Pokey,location
Aunt Peace,person
Ladies Triumph,person
Sam Soaker,person
Mrs Clara,person
Van,person
Mrs Van Tassel,person
Geordie,person
Mike Nolan,person
Merry Christmases,person
George Germain,person
Highland,location
Mrs Myra,person
Mr Charlie,person
Van Tassel,person
Charlie,location
John Wilson,person
Alcott,person
Eight Cousins,person
Transcriber,location
Mary Kirk,person
Dandy,person
Hunt,person
Rose Campbell,person
Madonna,person
Plenty,person
Doctor Alec,person
Betsey Ann,person
Guy Carleton,person
Count Altenberg,person
John Halifax,person
Alexander Campbell,person
Rochester,location
Mac Do,person
Doctor Alexander Mackenzie Campbell,person
Stumph,person
Emma Curtis,person
Monsieur Malapropos,person
Mr Campbell,person
O Apollo,person
Auld,person
Robin Grey,person
Jenny Lind,person
Robert Bruce,person
Plenty Campbell,person
Kitty Van Tassel,person
Jacob,person
Baldwin,person
Alf,person
Rip,person
Rose Garden,location
Alonzo Quixada,person
Kitty Van,person
John Keats,person
Mount Washington,location
Keats,location
Saint Agnes,person
Nicholas,person
Affection,person
Mac,location
Thomas Campbell,person
Howe,person
Harry Walmers,person
